<?xml version="1.0" encoding="UTF-8"?>
<project-private xmlns="http://www.netbeans.org/ns/project-private/1">
    <editor-bookmarks xmlns="http://www.netbeans.org/ns/editor-bookmarks/2" lastBookmarkId="0"/>
    <open-files xmlns="http://www.netbeans.org/ns/projectui-open-files/2">
        <group>
            <file>file:/E:/kalkulator%20RMI/kalkulatorRMi/src/fungsi.java</file>
            <file>file:/E:/kalkulator%20RMI/kalkulatorRMi/src/client.java</file>
            <file>file:/E:/kalkulator%20RMI/kalkulatorRMi/src/operasi.java</file>
            <file>file:/E:/kalkulator%20RMI/kalkulatorRMi/src/server.java</file>
        </group>
    </open-files>
</project-private>
